symbol,market_cap,current_price,book_value,stock_pe,dividend_yield,roce,roe,sales_growth_3yrs,face_value,cluster
3MINDIA,24594.0,21822.0,1650.0,79.78,0.0,29.16,19.02,9.49,10.0,0
ACC,28830.0,1535.0,584.47,15.84,0.91,15.86,15.14,8.13,10.0,0
AIAENG,16122.0,1710.0,336.8,41.05,0.53,17.45,12.34,15.96,2.0,1
APLAPOLLO,3363.0,1387.0,415.57,28.04,0.99,16.31,13.15,25.78,10.0,0
AUBANK,20228.0,689.25,68.13,35.13,0.11,8.97,14.7,41.16,10.0,0
AAVAS,13019.0,1666.0,235.0,68.11,0.0,10.86,11.62,54.94,10.0,0
ABBOTINDIA,22737.0,10700.0,945.22,46.89,0.61,37.36,24.0,12.06,10.0,0
ADANIGAS,16327.0,148.45,10.11,60.47,0.17,24.84,24.06,15.05,1.0,1
ADANIPORTS,85486.0,420.75,100.86,30.01,0.05,13.41,13.88,4.93,2.0,1
ADANIPOWER,24395.0,63.25,44.41,-1.0,0.0,5.11,-2.4,-42.63,10.0,0
ADANITRANS,27886.0,253.55,46.9,2182.0,0.0,8.38,2.1,44.78,10.0,0
ABFRL,15917.0,205.75,18.47,47.21,0.0,12.33,25.56,10.39,10.0,0
ADVENZYMES,1751.0,156.75,28.61,46.51,0.38,14.87,11.6,16.87,2.0,1
AEGISCHEM,6090.0,179.3,23.85,53.56,0.77,14.36,11.22,25.75,1.0,1
AJANTPHARM,8765.0,1004.0,245.48,24.04,0.9,25.22,19.24,4.05,2.0,1
AKZOINDIA,9260.0,2033.0,249.35,41.31,1.18,24.15,15.97,3.4,10.0,0
APLLTD,10149.0,538.4,143.89,15.55,1.02,23.58,24.82,6.75,2.0,1
ALKEM,23611.0,1975.0,457.09,26.8,0.81,17.09,15.48,13.47,2.0,1
ALBK,9695.0,26.05,24.53,-1.0,0.0,0.92,-85.92,-3.7,10.0,0
ALLCARGO,2435.0,99.1,54.58,10.96,3.53,13.92,14.96,7.74,2.0,1
AMARAJABAT,11545.0,675.9,195.26,22.58,1.05,23.0,15.38,13.73,1.0,1
AMBER,2944.0,936.15,310.12,26.23,0.0,14.28,9.9,30.1,10.0,0
AMBUJACEM,38899.0,195.9,108.34,22.34,0.77,8.37,7.69,6.44,2.0,1
APOLLOHOSP,21138.0,1519.0,279.14,65.66,0.39,10.64,8.06,14.71,5.0,2
APOLLOTYRE,10586.0,185.05,133.58,15.65,1.76,11.36,9.91,12.15,1.0,1
ARVINDFASN,2582.0,440.0,230.04,47.67,0.0,5.97,4.78,0.0,4.0,2
ASHOKLEY,22325.0,76.05,28.38,12.13,4.08,29.53,25.53,15.34,1.0,1
ASHOKA,3029.0,107.9,78.8,9.76,0.0,21.74,15.24,25.39,5.0,2
ASIANPAINT,170756.0,1780.0,92.66,76.13,0.59,38.21,25.48,11.48,1.0,1
ASTERDM,6315.0,125.0,58.99,139.23,0.0,2.15,1.81,46.52,10.0,0
ASTRAZEN,6030.0,2412.0,120.32,86.69,0.0,26.51,19.87,8.91,2.0,1
ASTRAL,17181.0,1140.0,76.59,110.94,0.05,21.17,14.04,13.28,1.0,1
ATUL,12648.0,4264.0,893.31,26.67,0.35,26.94,17.62,16.85,10.0,0
AUROPHARMA,27964.0,477.25,193.72,17.1,0.52,14.92,14.42,10.21,1.0,1
AVANTIFEED,6141.0,450.7,86.69,20.69,0.89,31.56,20.9,12.27,1.0,1
DMART,119447.0,1914.0,100.4,105.82,0.0,26.09,18.15,36.61,10.0,0
AXISBANK,200937.0,712.75,236.51,37.59,0.13,5.62,7.21,10.29,2.0,1
BEML,4022.0,965.9,525.28,31.67,0.73,7.27,2.89,5.31,10.0,0
BSE,2450.0,544.1,583.29,13.68,6.34,7.92,7.3,5.19,2.0,1
BAJAJ-AUTO,90349.0,3122.0,752.67,20.31,1.92,30.72,21.54,10.25,10.0,0
BAJAJCON,3688.0,249.95,40.76,15.58,5.6,57.45,46.65,4.54,1.0,1
BAJAJELEC,4069.0,397.1,105.19,28.27,0.88,17.36,16.54,13.19,2.0,1
BAJFINANCE,239940.0,4138.0,299.48,57.38,0.14,13.02,21.98,33.55,2.0,1
BAJAJFINSV,127451.0,8009.0,198.63,422.62,0.03,10.79,10.17,21.59,5.0,2
BAJAJHLDNG,40878.0,3673.0,987.46,54.25,0.88,8.58,7.43,-10.68,10.0,0
BALKRISIND,16058.0,830.65,242.02,22.07,0.96,21.64,16.85,17.66,2.0,1
BALMLAWRIE,2081.0,182.5,114.05,11.71,6.03,21.6,14.41,3.65,10.0,0
BALRAMCHIN,3562.0,161.9,94.67,5.9,1.6,19.54,30.62,15.85,1.0,1
BANDHANBNK,66737.0,559.35,93.89,30.74,0.54,10.48,18.96,0.0,10.0,0
BANKBARODA,34678.0,90.15,119.43,56.38,0.0,4.41,0.94,4.29,2.0,1
BANKINDIA,21071.0,64.3,127.2,-1.0,0.0,2.98,-15.48,-0.83,10.0,0
MAHABANK,6407.0,11.0,9.85,-1.0,0.0,1.28,-61.01,-5.98,10.0,0
BATAINDIA,22722.0,1768.0,135.89,65.32,0.35,30.67,20.52,6.63,5.0,2
BAYERCROP,14932.0,3322.0,419.07,89.87,0.41,20.64,13.03,-1.01,10.0,0
BERGEPAINT,46527.0,479.1,24.43,95.18,0.4,29.93,19.9,12.65,1.0,1
BDL,5343.0,291.5,123.77,13.15,2.37,31.6,19.78,-9.04,10.0,0
BEL,28106.0,115.35,37.01,14.4,2.95,32.21,22.97,18.15,1.0,1
BHARATFORG,20803.0,446.8,115.94,20.58,1.12,21.64,21.06,14.58,2.0,1
BHEL,18037.0,51.8,90.18,21.38,3.86,7.24,3.76,6.02,2.0,1
BPCL,115860.0,534.1,169.36,19.59,3.23,18.92,19.86,16.42,10.0,0
BHARTIARTL,191987.0,374.1,191.66,-1.0,0.52,0.01,-4.42,-6.3,5.0,2
INFRATEL,47868.0,258.8,84.69,26.83,5.8,20.2,15.08,7.07,10.0,0
BIOCON,30834.0,256.95,59.3,109.59,0.19,4.82,4.79,7.81,5.0,2
BIRLACORPN,4436.0,576.0,548.76,22.36,1.3,5.2,2.88,10.62,10.0,0
BSOFT,1858.0,67.2,42.83,13.42,2.95,13.37,11.86,-7.4,2.0,1
BLISSGVS,1394.0,135.2,58.51,19.55,0.74,19.16,13.26,9.34,1.0,1
BLUEDART,5526.0,2329.0,280.14,78.82,0.54,18.0,13.64,7.45,10.0,0
BLUESTARCO,8348.0,866.7,99.78,56.9,1.15,19.5,14.75,10.66,2.0,1
BOMDYEING,1625.0,78.7,8.75,1.2,1.91,45.23,298.0,33.95,2.0,1
BOSCHLTD,42969.0,14569.0,3094.0,28.6,0.72,24.63,16.72,8.11,10.0,0
BRIGADE,3987.0,195.15,112.92,17.24,0.68,12.37,9.81,4.8,10.0,0
BRITANNIA,78057.0,3248.0,168.09,68.69,0.46,47.13,30.83,10.68,1.0,1
CARERATING,1547.0,525.05,186.57,12.62,5.71,35.29,24.05,3.94,10.0,0
CCL,3026.0,227.45,48.79,16.48,1.54,19.11,20.17,6.11,2.0,1
CESC,10666.0,804.6,736.51,11.0,2.19,11.11,9.47,4.49,10.0,0
CGPOWER,930.72,14.85,40.1,11.36,0.0,7.0,1.31,3.26,2.0,1
CRISIL,9839.0,1361.0,108.05,38.36,2.2,46.65,33.93,7.33,1.0,1
CADILAHC,25107.0,245.25,87.49,18.32,1.43,16.98,18.28,-2.62,1.0,1
CANFINHOME,5270.0,395.8,133.84,17.58,0.51,9.67,18.15,16.83,2.0,1
CANBK,14289.0,189.7,480.29,36.21,0.0,4.71,0.97,2.07,10.0,0
CAPLIPOINT,2933.0,387.75,57.12,17.57,0.57,55.26,40.36,32.41,2.0,1
CGCL,3636.0,207.6,77.17,27.1,0.17,11.29,9.91,38.92,2.0,1
CARBORUNIV,5695.0,300.9,67.47,33.12,0.91,20.29,13.56,11.32,1.0,1
CASTROLIND,13304.0,134.5,12.21,18.22,3.72,101.0,64.81,5.79,5.0,2
CEATLTD,3889.0,961.35,680.11,11.65,1.25,14.6,12.19,7.82,10.0,0
CENTRALBK,7014.0,17.0,45.89,-1.0,0.0,2.4,-30.54,-4.37,10.0,0
CDSL,2147.0,205.5,51.15,24.33,1.95,20.97,16.14,16.99,10.0,0
CENTURYPLY,3717.0,167.3,43.62,23.01,0.6,17.81,17.5,11.44,1.0,1
CERA,3381.0,2600.0,538.34,29.76,0.5,27.16,17.59,13.57,5.0,2
CHAMBLFERT,6501.0,156.2,77.86,8.14,1.28,11.93,21.46,4.8,10.0,0
CHOLAHLDNG,8689.0,462.9,56.71,130.35,0.27,6.81,6.38,-75.11,1.0,1
CHOLAFIN,23651.0,302.5,78.99,19.46,0.43,10.81,21.04,18.59,2.0,1
CIPLA,36589.0,453.9,195.78,16.69,0.66,15.98,12.09,0.7,2.0,1
CUB,15452.0,210.15,65.84,21.86,0.24,7.46,15.13,8.56,1.0,1
COALINDIA,128678.0,208.8,22.71,12.27,6.27,79.28,78.45,72.76,10.0,0
COCHINSHIP,4438.0,337.35,253.31,8.96,3.85,22.24,14.48,14.18,10.0,0
COLPAL,41701.0,1533.0,53.19,55.04,1.5,72.97,50.87,4.88,1.0,1
CONCOR,37042.0,607.95,170.16,31.11,1.41,16.5,12.29,5.14,5.0,2
COROMANDEL,12238.0,418.3,117.38,17.35,1.55,22.69,23.06,4.8,1.0,1
CORPBANK,8632.0,14.4,27.63,-1.0,0.0,0.97,-46.2,-6.98,2.0,1
COX&KINGS,38.84,2.2,173.17,0.26,45.45,8.55,6.0,76.06,5.0,2
CREDITACC,9132.0,635.0,164.45,26.44,0.0,14.89,16.93,40.25,10.0,0
CROMPTON,16648.0,265.5,17.52,39.56,0.75,39.0,42.64,35.93,2.0,1
CUMMINSIND,16042.0,578.7,149.01,23.55,2.94,23.56,17.39,6.32,2.0,1
CYIENT,4653.0,423.1,202.42,12.7,3.56,25.24,20.51,9.04,5.0,2
DBCORP,2719.0,155.45,102.98,9.08,6.43,21.96,14.61,6.34,10.0,0
DCBBANK,5606.0,180.8,100.44,15.8,0.55,7.61,11.0,21.43,10.0,0
DCMSHRIRAM,6229.0,392.0,223.59,6.91,2.47,28.17,26.65,10.24,2.0,1
DLF,44110.0,178.2,93.24,58.56,1.0,5.51,3.1,-3.1,2.0,1
DABUR,83511.0,472.6,22.46,63.9,0.58,34.86,30.84,4.98,1.0,1
DALBHARAT,15524.0,804.5,392.83,116.72,0.25,1.37,1.17,0.0,2.0,1
DEEPAKNTR,4511.0,330.75,77.56,20.18,0.6,18.71,14.04,10.29,2.0,1
DELTACORP,5164.0,190.6,73.47,28.71,0.66,13.52,9.51,25.59,1.0,1
DEN,2319.0,48.6,55.95,258.27,0.0,-0.8,-4.27,4.93,10.0,0
DBL,5698.0,416.6,234.29,9.02,0.24,21.85,26.89,31.62,10.0,0
DISHTV,2679.0,14.55,28.98,8.57,3.44,4.24,6.64,20.91,1.0,1
DCAL,2452.0,151.9,303.13,45.24,0.13,2.37,1.15,332.0,2.0,1
DIVISLAB,46222.0,1741.0,262.68,34.65,0.92,27.66,20.32,9.47,2.0,1
DIXON,3388.0,2991.0,317.94,52.69,0.07,25.88,16.96,26.35,10.0,0
LALPATHLAB,12336.0,1480.0,111.68,60.83,0.41,33.22,22.15,15.03,10.0,0
DRREDDY,46699.0,2811.0,763.43,31.21,0.71,11.86,9.89,1.07,5.0,2
EIDPARRY,2816.0,159.1,96.81,50.67,1.89,7.24,7.4,-10.66,1.0,1
EIHOTEL,10179.0,178.1,49.95,72.61,0.51,8.59,5.63,2.82,2.0,1
EDELWEISS,8998.0,96.35,35.89,54.13,1.38,3.45,3.07,-3.32,1.0,1
EICHERMOT,54522.0,19979.0,2611.0,27.64,0.63,49.88,33.1,16.55,10.0,0
ELGIEQUIP,4298.0,271.25,41.77,55.79,0.48,17.8,13.37,10.78,1.0,1
EMAMILTD,15377.0,338.75,45.48,43.29,1.18,19.06,15.15,4.92,1.0,1
ENDURANCE,14680.0,1044.0,147.87,35.83,0.53,26.31,18.91,13.98,10.0,0
ENGINERSIN,6768.0,107.1,36.02,16.61,3.73,25.19,16.35,17.39,5.0,2
EQUITAS,3470.0,101.55,52.72,350.9,0.0,0.78,0.52,36.07,10.0,0
ERIS,5850.0,425.4,84.06,19.68,0.0,25.87,28.09,13.98,1.0,1
ESCORTS,7908.0,645.15,246.6,17.79,0.39,24.07,16.65,22.54,10.0,0
ESSELPACK,3742.0,118.65,21.46,76.16,1.05,13.95,9.56,4.44,2.0,1
EXIDEIND,15317.0,180.2,70.44,19.62,1.33,20.01,13.55,15.94,1.0,1
FDC,2752.0,160.95,83.82,15.66,0.0,17.65,12.74,2.89,1.0,1
FEDERALBNK,16630.0,83.55,66.68,10.97,1.67,6.27,9.76,13.8,2.0,1
FMGOETZE,3010.0,541.05,131.84,44.42,0.0,18.28,12.01,-0.25,10.0,0
FINEORG,6043.0,1971.0,165.84,46.71,0.36,40.95,28.14,0.0,5.0,2
FINCABLES,5772.0,377.4,159.52,17.21,1.19,23.16,14.97,9.25,2.0,1
FINPIPE,7651.0,616.55,203.74,23.99,1.62,20.74,13.73,2.83,10.0,0
FSL,3595.0,51.85,32.87,17.94,3.84,10.03,8.93,-4.25,10.0,0
FORTIS,10449.0,138.4,110.78,15.97,0.0,5.12,1.98,2.39,10.0,0
FCONSUMER,4649.0,24.2,7.12,57.66,0.0,6.44,6.0,30.74,6.0,2
FLFL,8075.0,401.2,81.86,56.6,0.34,14.31,10.88,21.41,2.0,1
FRETAIL,19126.0,380.55,76.64,25.77,0.0,17.73,21.34,47.7,2.0,1
GAIL,58406.0,129.5,97.76,9.15,2.75,21.78,14.75,13.25,10.0,0
GEPIL,4860.0,722.85,131.65,32.76,0.83,34.09,13.31,3.61,10.0,0
GET&D,4810.0,187.85,55.77,35.9,0.96,30.67,16.66,8.5,2.0,1
GHCL,2088.0,212.6,198.75,5.18,2.35,21.57,20.16,10.01,10.0,0
GMRINFRA,11529.0,19.1,19.39,-1.0,0.0,1.3,-3.85,-14.74,1.0,1
GALAXYSURF,5372.0,1515.0,220.71,32.58,0.53,30.28,23.38,14.12,10.0,0
GARFIBRES,2510.0,1147.0,296.82,20.27,0.44,25.99,20.08,7.26,10.0,0
GAYAPROJ,2311.0,123.45,71.03,10.74,0.0,15.54,17.19,24.09,2.0,1
GICRE,45632.0,260.1,302.64,29.22,2.6,3.79,2.43,35.31,5.0,2
GILLETTE,25318.0,7769.0,238.83,100.1,0.3,59.81,38.92,-3.73,10.0,0
GLAXO,25092.0,1481.0,126.47,56.64,1.35,31.15,19.96,3.45,10.0,0
GLENMARK,8440.0,299.1,423.19,7.14,0.67,12.87,12.04,1.02,1.0,1
GODFRYPHLP,5619.0,1081.0,364.71,18.79,0.93,16.14,10.89,2.13,2.0,1
GODREJAGRO,9948.0,518.0,72.43,48.95,0.87,19.95,14.03,8.39,10.0,0
GODREJCP,71552.0,699.9,48.19,40.32,1.71,31.98,36.55,7.64,1.0,1
GODREJIND,13232.0,393.25,48.49,144.37,0.29,8.32,8.65,18.06,1.0,1
GODREJPROP,24369.0,966.95,105.43,77.86,0.0,8.45,8.2,56.48,5.0,2
GRANULES,2906.0,114.3,55.98,15.98,0.87,11.56,11.98,16.48,1.0,1
GRAPHITE,6084.0,311.35,238.13,2.79,17.67,112.0,78.3,71.03,2.0,1
GRASIM,49723.0,756.05,637.99,21.47,0.93,8.31,2.55,31.83,2.0,1
GESHIP,4587.0,304.25,335.97,54.37,1.77,3.23,-0.79,10.36,10.0,0
GREAVESCOT,3227.0,132.15,39.69,18.19,3.03,24.03,16.38,7.2,2.0,1
GRINDWELL,6826.0,616.5,98.16,41.75,0.97,22.97,14.78,11.64,5.0,2
GUJALKALI,3300.0,449.3,585.06,4.96,1.78,23.94,16.99,16.58,10.0,0
GUJGASLTD,12508.0,181.7,31.73,23.09,0.55,19.13,21.29,8.29,2.0,1
GMDCLTD,1862.0,58.55,134.76,5.85,3.42,13.96,5.82,16.83,2.0,1
GNFC,3086.0,198.55,321.52,4.96,3.53,16.52,15.64,9.01,10.0,0
GPPL,3863.0,79.9,41.8,17.97,4.38,15.92,10.19,2.08,10.0,0
GSFC,3052.0,76.6,182.39,6.28,2.87,8.71,6.8,11.97,2.0,1
GSPL,11760.0,208.5,101.83,13.73,0.96,17.53,14.71,23.69,10.0,0
GULFOILLUB,4426.0,883.7,117.15,23.75,1.29,36.62,33.74,19.04,2.0,1
HEG,4151.0,1075.0,963.58,1.65,7.44,143.0,109.0,96.44,10.0,0
HCLTECH,144402.0,1064.0,224.38,18.07,0.75,33.82,27.9,24.64,2.0,1
HDFCAMC,64221.0,3021.0,144.43,63.14,0.79,51.64,34.96,11.67,5.0,2
HDFCBANK,677992.0,1239.0,272.73,28.99,0.6,7.51,16.5,18.01,1.0,1
HDFCLIFE,123340.0,611.3,28.03,93.35,0.27,29.49,24.61,28.36,10.0,0
HATHWAY,3753.0,21.2,24.43,11.45,0.0,3.83,11.19,-21.79,2.0,1
HATSUN,10119.0,625.85,49.77,78.95,0.79,14.51,20.46,11.39,1.0,1
HAVELLS,42442.0,678.2,67.79,56.21,0.66,28.7,19.89,23.35,1.0,1
HEIDELBERG,4307.0,190.05,51.68,17.33,2.1,24.83,19.9,8.98,10.0,0
HERITGFOOD,1481.0,319.3,173.49,17.35,0.63,14.27,10.69,1.41,5.0,2
HEROMOTOCO,53420.0,2675.0,643.74,16.48,3.25,39.64,26.73,5.76,2.0,1
HEXAWARE,11074.0,371.2,61.49,23.09,2.28,33.74,27.63,11.52,2.0,1
HFCL,2228.0,17.35,11.24,8.84,0.57,20.57,14.1,15.17,1.0,1
HSCL,3207.0,76.6,40.07,10.55,0.2,24.15,19.61,27.36,1.0,1
HIMATSEIDE,1441.0,146.4,146.76,6.0,3.42,13.17,17.26,19.52,5.0,2
HINDALCO,41719.0,185.75,216.2,50.34,0.64,5.11,2.49,10.11,1.0,1
HAL,23852.0,713.3,324.43,9.99,2.78,29.91,22.45,5.88,10.0,0
HINDCOPPER,3636.0,39.3,17.63,27.66,1.32,11.85,9.2,19.22,5.0,2
HINDPETRO,48290.0,316.9,184.9,9.43,5.02,20.03,23.1,15.7,10.0,0
HINDUNILVR,460531.0,2127.0,36.23,68.62,1.03,119.0,84.04,7.16,1.0,1
HINDZINC,88689.0,209.9,79.53,11.37,9.53,28.32,22.1,14.2,2.0,1
HONAUT,24947.0,28221.0,1977.0,65.44,0.16,35.44,22.66,13.22,10.0,0
HUDCO,6937.0,34.65,54.73,5.87,2.38,8.43,11.29,19.52,10.0,0
HDFC,365179.0,2115.0,448.0,34.3,0.99,9.9,13.51,11.94,2.0,1
ICICIBANK,291447.0,451.15,167.74,54.06,0.22,4.52,3.15,6.33,2.0,1
ICICIGI,58840.0,1295.0,119.7,54.25,0.46,22.96,16.12,20.17,10.0,0
ICICIPRULI,68927.0,480.05,50.85,60.25,0.66,19.32,16.96,25.76,10.0,0
ISEC,9234.0,286.65,32.11,19.69,3.28,53.06,52.02,0.0,5.0,2
ICRA,2480.0,2569.0,568.06,28.14,1.17,23.39,17.07,5.61,10.0,0
IDBI,23866.0,30.85,48.62,-1.0,0.0,-2.05,-51.15,-7.67,10.0,0
IDFC,5268.0,33.0,61.26,34.95,0.0,1.11,1.31,-11.24,10.0,0
IFBIND,2849.0,703.0,153.17,50.21,0.0,13.91,10.26,19.17,10.0,0
IFCI,1179.0,6.95,24.91,-1.0,0.0,3.87,-14.2,-17.48,10.0,0
IIFL,3737.0,117.05,33.52,24.07,4.27,11.52,11.53,-10.7,2.0,1
IRB,2509.0,71.4,74.91,8.02,3.5,9.11,12.79,6.94,10.0,0
IRCON,3757.0,399.45,419.93,8.88,5.39,8.82,11.31,22.22,10.0,0
ITC,305811.0,248.9,47.17,23.85,2.3,34.0,22.91,7.13,1.0,1
ITDCEM,717.22,41.75,32.13,16.64,0.96,18.38,10.25,-3.93,1.0,1
ITI,7364.0,82.1,24.12,258.76,0.0,13.61,18.08,36.95,10.0,0
INDIACEM,2457.0,79.3,169.08,20.37,1.01,4.79,1.17,9.99,10.0,0
ITDC,3054.0,356.05,41.46,122.99,0.59,11.2,7.89,-7.15,10.0,0
IBULHSGFIN,9321.0,218.0,403.65,2.79,18.34,12.18,22.73,20.35,2.0,1
IBULISL,600.72,67.25,183.28,30.98,0.0,0.34,0.38,-86.91,2.0,1
IBREALEST,2219.0,48.8,143.88,28.48,0.0,4.57,1.49,88.86,2.0,1
IBVENTURES,5735.0,93.75,94.9,41.44,0.99,4.21,2.84,46.01,2.0,1
INDIANB,6208.0,126.3,394.45,12.99,0.0,4.79,1.71,5.7,10.0,0
IEX,4387.0,146.45,12.36,26.96,0.08,71.1,50.47,13.64,1.0,1
INDHOTEL,18112.0,152.3,37.7,55.35,0.33,10.0,6.57,7.03,1.0,1
IOC,137870.0,146.45,115.42,10.09,6.16,16.23,15.44,14.98,10.0,0
IOB,8867.0,9.7,17.9,-1.0,0.0,2.64,-25.23,-9.16,10.0,0
INDOSTAR,1750.0,189.7,328.38,6.95,1.05,10.13,9.98,0.0,10.0,0
IGL,26047.0,372.1,59.0,31.41,0.64,29.58,19.36,16.08,2.0,1
INDUSINDBK,92929.0,1341.0,384.93,22.33,0.49,7.62,13.08,23.31,10.0,0
INFIBEAM,2841.0,42.8,39.17,60.45,0.0,1.95,1.14,133.0,1.0,1
NAUKRI,29328.0,2398.0,189.99,95.22,0.25,19.72,13.76,15.24,10.0,0
INFY,274749.0,643.55,136.97,18.67,3.41,31.3,23.09,10.64,5.0,2
INOXLEISUR,3664.0,356.25,93.71,28.85,0.0,22.75,17.04,14.01,10.0,0
INTELLECT,2490.0,188.35,70.36,31.88,0.0,17.0,16.79,19.47,5.0,2
INDIGO,64405.0,1674.0,180.55,48.47,0.3,0.32,-3.26,20.86,10.0,0
IPCALAB,11715.0,927.15,248.25,22.47,0.32,16.53,15.39,8.75,2.0,1
JBCHEPHARM,2887.0,359.8,185.02,14.5,1.39,17.08,11.57,9.49,2.0,1
JKCEMENT,8663.0,1121.0,374.39,20.18,0.89,14.35,13.0,6.49,10.0,0
JKLAKSHMI,3401.0,289.0,129.4,27.21,0.26,7.84,3.73,14.01,5.0,2
JKPAPER,2204.0,123.65,114.52,4.61,2.83,24.77,23.31,10.14,10.0,0
JKTYRE,1629.0,66.15,81.03,10.99,2.27,10.91,9.57,9.33,2.0,1
JMFINANCIL,6245.0,74.25,29.51,60.72,1.34,5.44,4.48,19.65,1.0,1
JSWENERGY,11108.0,67.65,61.92,38.64,1.48,6.03,2.4,-4.42,10.0,0
JSWSTEEL,53106.0,219.7,145.46,7.23,2.32,22.01,26.14,27.86,1.0,1
JAGRAN,1715.0,57.85,45.21,8.43,6.05,20.68,14.37,2.71,2.0,1
JAICORPLTD,1482.0,83.05,70.73,94.22,0.6,5.21,1.64,0.07,1.0,1
JISLJALEQS,555.21,10.85,92.26,2.68,9.29,10.44,5.05,1.32,2.0,1
J&KBANK,1776.0,31.9,118.99,4.09,0.0,5.3,7.27,3.9,1.0,1
JAMNAAUTO,1608.0,40.35,12.91,13.45,2.35,45.45,29.69,23.29,1.0,1
JINDALSAW,2791.0,87.3,199.07,5.07,2.29,11.9,8.22,17.11,2.0,1
JSLHISAR,1531.0,64.9,64.29,6.41,0.0,18.57,17.44,12.03,2.0,1
JSL,1671.0,34.3,50.79,16.39,0.0,12.11,4.4,24.46,2.0,1
JINDALSTEL,10547.0,103.4,221.06,9.9,0.0,8.45,5.01,26.48,1.0,1
JCHAC,5642.0,2075.0,225.45,57.09,0.07,20.0,14.97,10.96,10.0,0
JUBLFOOD,18856.0,1429.0,100.31,57.49,0.35,42.68,27.85,13.57,10.0,0
JUBILANT,8618.0,541.0,146.91,55.24,0.83,8.24,6.62,8.99,1.0,1
JUSTDIAL,4054.0,625.2,153.99,15.96,0.0,29.08,20.91,10.12,10.0,0
JYOTHYLAB,6547.0,178.3,23.26,32.78,1.68,22.77,25.01,4.68,1.0,1
KPRMILL,4333.0,597.1,208.27,15.14,0.13,23.13,20.13,14.94,5.0,2
KEI,4232.0,532.35,97.97,21.65,0.22,29.42,26.3,22.04,2.0,1
KNRCON,3207.0,228.1,100.58,13.41,0.18,20.35,19.9,34.59,2.0,1
KPITTECH,2706.0,98.7,33.69,32.58,0.74,18.5,17.99,0.0,10.0,0
KRBL,5462.0,232.05,115.44,10.14,1.08,20.77,20.03,7.19,1.0,1
KAJARIACER,8837.0,555.95,98.52,35.45,0.54,25.43,16.73,3.72,1.0,1
KALPATPOWR,6963.0,450.05,203.74,16.88,0.66,22.18,13.61,18.6,2.0,1
KANSAINER,28563.0,530.0,63.54,60.08,0.49,20.96,13.79,11.44,1.0,1
KTKBANK,2011.0,71.15,204.71,4.16,4.92,6.28,8.52,5.76,10.0,0
KARURVYSYA,4440.0,55.55,80.35,18.67,1.08,5.66,3.31,2.23,2.0,1
KSCL,3132.0,496.1,160.46,13.44,0.6,22.28,21.09,2.4,2.0,1
KEC,7070.0,275.0,97.02,13.84,0.98,29.57,21.94,9.58,2.0,1
KIRLOSENG,2604.0,180.05,122.76,11.86,2.78,16.92,11.28,9.17,2.0,1
KOLTEPATIL,1879.0,247.85,104.03,13.58,0.97,11.99,9.46,28.9,10.0,0
KOTAKBANK,311115.0,1629.0,224.6,59.82,0.05,7.21,12.07,13.48,5.0,2
L&TFH,17324.0,86.6,39.14,76.4,1.15,5.27,3.04,5.32,10.0,0
LTTS,15344.0,1475.0,248.06,20.01,1.42,42.42,31.82,17.65,2.0,1
LICHSGFIN,18834.0,373.2,340.39,7.05,2.04,9.1,15.94,11.65,2.0,1
LAXMIMACH,4045.0,3787.0,1582.0,23.47,0.92,18.32,12.09,-1.44,10.0,0
LTI,28019.0,1611.0,286.78,18.77,1.74,44.24,33.15,16.95,1.0,1
LT,202428.0,1443.0,374.49,32.12,1.25,17.11,12.44,11.25,2.0,1
LAURUSLABS,3653.0,341.7,148.8,38.02,0.44,8.21,6.16,8.01,10.0,0
LEMONTREE,4441.0,56.05,13.02,72.33,0.0,6.33,6.32,12.24,10.0,0
LINDEINDIA,4474.0,524.6,171.9,54.83,0.29,5.64,2.35,11.84,10.0,0
LUPIN,33761.0,745.85,378.16,19.99,0.67,16.35,10.61,0.04,2.0,1
LUXIND,3055.0,1210.0,163.91,29.57,0.3,28.69,27.66,8.71,2.0,1
MASFIN,3720.0,680.5,166.44,22.91,0.75,17.76,18.22,24.89,10.0,0
MMTC,2603.0,17.35,9.93,26.82,1.73,8.88,5.99,32.11,1.0,1
MOIL,3622.0,140.6,119.67,8.03,4.27,24.47,16.11,31.49,10.0,0
MRF,27226.0,64211.0,25126.0,24.65,0.09,13.96,9.49,-7.31,10.0,0
MAGMA,1403.0,52.1,94.88,6.06,1.54,10.44,12.59,1.75,2.0,1
MGL,9442.0,955.85,242.86,16.05,2.09,37.25,24.32,10.33,10.0,0
MAHSCOOTER,5222.0,4569.0,9907.0,68.03,0.72,0.75,0.74,120.0,10.0,0
MAHSEAMLES,2390.0,356.65,475.56,7.39,1.68,19.68,11.05,44.5,5.0,2
M&MFIN,21075.0,341.15,176.57,15.54,1.9,11.15,15.16,14.29,2.0,1
M&M,74069.0,595.8,275.17,15.54,1.37,18.47,14.94,9.46,5.0,2
MAHINDCIE,5750.0,151.7,95.38,43.78,0.0,7.15,1.96,23.87,10.0,0
MHRIL,2939.0,220.05,22.22,43.04,0.0,20.14,12.24,-1.18,10.0,0
MAHLOG,2640.0,369.5,69.82,33.25,0.49,28.55,18.47,22.48,10.0,0
MANAPPURAM,13372.0,158.25,51.98,15.93,1.36,14.33,19.26,15.59,2.0,1
MARICO,51005.0,395.1,27.17,43.12,1.2,33.88,33.38,7.1,1.0,1
MARUTI,219197.0,7256.0,1527.0,31.49,1.1,18.53,13.27,14.34,5.0,2
MFSL,11722.0,435.1,74.24,80.56,0.0,3.92,2.53,16.48,2.0,1
MAXINDIA,1761.0,65.55,64.36,-1.0,0.0,-0.97,-1.06,-6.08,2.0,1
METROPOLIS,6733.0,1342.0,82.79,66.87,0.99,38.01,25.83,18.5,2.0,1
MINDTREE,12001.0,729.2,182.9,19.44,4.52,31.17,24.94,17.4,10.0,0
MINDACORP,1921.0,84.55,38.22,16.9,0.83,19.78,17.34,49.87,2.0,1
MINDAIND,9626.0,367.1,41.87,68.53,0.3,15.45,13.77,12.65,2.0,1
MOTHERSUMI,32748.0,103.7,20.39,41.05,1.45,16.63,12.89,12.72,1.0,1
MOTILALOFS,9304.0,630.95,175.89,28.75,1.33,12.99,13.0,122.0,1.0,1
MPHASIS,17054.0,915.15,175.13,21.2,2.95,25.92,21.41,5.51,10.0,0
MCX,5707.0,1119.0,282.81,28.62,1.79,11.53,10.96,2.45,10.0,0
MUTHOOTFIN,27526.0,686.9,243.13,13.69,1.75,16.22,22.41,12.16,10.0,0
NATCOPHARM,10499.0,577.2,195.9,16.77,1.09,23.54,19.63,23.32,2.0,1
NBCC,6426.0,35.7,8.69,18.8,1.82,33.1,22.68,7.62,1.0,1
NCC,3225.0,53.7,79.19,5.58,2.79,22.34,13.1,13.21,2.0,1
NESCO,3979.0,564.65,165.74,22.04,0.44,23.19,16.56,11.18,2.0,1
NHPC,23204.0,23.1,29.08,8.36,6.32,11.55,10.22,3.54,10.0,0
NIITTECH,9064.0,1452.0,272.98,32.95,0.0,23.48,18.88,10.44,10.0,0
NLCINDIA,7966.0,57.45,90.23,6.16,7.89,10.69,9.96,2.89,10.0,0
NMDC,33558.0,109.6,84.76,6.92,5.04,28.17,18.38,23.47,1.0,1
NTPC,119625.0,120.9,108.55,10.17,5.03,5.79,11.34,8.43,10.0,0
NH,4920.0,240.75,57.15,70.16,0.42,7.49,4.39,12.21,10.0,0
NATIONALUM,8171.0,43.8,56.2,6.89,13.13,25.99,16.51,19.04,5.0,2
NFL,1307.0,26.65,45.23,6.77,6.98,11.36,14.08,16.44,10.0,0
NBVENTURES,1322.0,75.0,164.97,8.45,2.03,8.98,5.88,9.8,2.0,1
NAVINFLUOR,3814.0,771.15,214.14,25.71,1.01,22.07,14.43,14.5,2.0,1
NESTLEIND,144823.0,15020.0,414.32,85.75,0.77,70.93,45.3,11.37,10.0,0
NILKAMAL,1834.0,1229.0,592.75,16.59,1.06,19.33,13.25,7.45,10.0,0
OBEROIRLTY,18649.0,512.9,166.0,60.21,0.39,10.87,8.58,-4.56,10.0,0
ONGC,181471.0,144.25,161.36,6.85,4.85,19.13,13.48,12.24,5.0,2
OIL,17871.0,164.8,255.86,5.3,6.22,14.22,11.75,12.04,10.0,0
OMAXE,3412.0,186.55,86.93,130.53,0.38,10.62,1.44,-7.2,10.0,0
OFSS,26670.0,3107.0,452.05,21.24,0.0,51.68,33.37,0.49,5.0,2
ORIENTCEM,1686.0,82.3,51.42,17.48,0.91,8.26,4.58,19.92,1.0,1
ORIENTELEC,3820.0,180.05,14.45,50.18,0.56,29.12,24.72,0.0,1.0,1
ORIENTREF,2613.0,217.6,31.33,28.98,1.15,39.68,25.7,17.69,1.0,1
ORIENTBANK,6892.0,50.3,137.94,12.29,0.0,3.53,0.35,-3.96,10.0,0
PIIND,18264.0,1323.0,164.8,42.78,0.3,24.68,19.13,10.66,1.0,1
PNBHOUSING,7919.0,470.95,442.19,6.52,1.9,9.66,15.45,40.49,10.0,0
PNCINFRA,4430.0,172.7,82.45,13.74,0.29,16.86,15.36,15.42,2.0,1
PTC,1668.0,56.35,112.44,6.33,7.1,13.22,8.01,2.65,10.0,0
PVR,8718.0,1802.0,210.99,55.01,0.11,17.74,15.17,16.88,10.0,0
PAGEIND,25037.0,22454.0,695.06,65.86,1.53,68.73,47.53,16.68,10.0,0
PARAGMILK,1321.0,157.1,98.09,11.51,0.64,16.78,14.8,13.07,10.0,0
PERSISTENT,4763.0,618.75,288.56,15.56,1.83,18.77,13.52,10.64,10.0,0
PETRONET,41265.0,275.1,67.11,19.38,3.64,30.34,21.79,12.27,10.0,0
PFIZER,14915.0,3260.0,658.25,33.14,0.69,23.22,15.07,1.13,10.0,0
PHILIPCARB,2158.0,125.2,95.63,6.07,2.8,25.41,25.73,23.05,2.0,1
PHOENIXLTD,11249.0,733.55,178.98,64.63,0.41,8.4,6.51,7.36,2.0,1
PIDILITIND,68587.0,1350.0,82.42,68.58,0.48,34.9,24.7,8.81,1.0,1
PEL,33422.0,1680.0,981.69,71.54,1.55,6.11,1.87,2.75,2.0,1
POLYCAB,11156.0,750.5,191.66,20.1,0.38,27.87,19.25,14.99,10.0,0
PFC,26797.0,101.5,163.96,3.86,0.0,9.41,17.33,1.53,10.0,0
POWERGRID,107274.0,205.05,112.81,10.6,4.06,10.56,22.04,18.19,10.0,0
PRAJIND,2040.0,111.55,40.26,28.35,1.9,9.75,7.45,3.87,2.0,1
PRESTIGE,10946.0,291.9,113.33,32.84,0.51,7.85,6.08,-9.2,10.0,0
PRSMJOHNSN,3969.0,78.85,22.69,26.9,0.63,16.29,14.2,4.11,10.0,0
PGHL,7251.0,4368.0,448.07,8.51,10.07,78.16,73.25,-3.32,10.0,0
PGHH,38847.0,11967.0,280.05,92.68,0.33,89.1,56.85,1.71,10.0,0
QUESS,6943.0,472.75,176.7,29.98,0.0,10.08,9.43,24.36,10.0,0
RBLBANK,12356.0,286.95,175.28,13.09,0.93,7.35,12.18,31.92,10.0,0
RECLTD,26424.0,133.8,173.69,4.56,8.22,9.21,17.31,2.15,10.0,0
RITES,6913.0,276.5,95.35,15.14,3.69,29.71,19.4,22.36,10.0,0
RADICO,4079.0,305.75,98.56,20.87,0.39,19.04,15.35,7.89,2.0,1
RVNL,5014.0,24.05,17.93,8.4,0.04,12.9,16.83,30.37,10.0,0
RAIN,3194.0,94.95,27.32,89.21,1.05,7.74,6.58,6.91,2.0,1
RAJESHEXPO,19856.0,672.4,154.52,46.19,0.15,6.73,10.19,3.41,1.0,1
RALLIS,3252.0,167.25,64.19,25.11,1.5,15.57,10.66,9.08,1.0,1
RCF,2855.0,51.75,55.01,25.82,1.49,6.82,4.23,3.14,10.0,0
RATNAMANI,4298.0,919.7,325.69,16.66,0.98,25.91,17.88,17.05,2.0,1
RAYMOND,3767.0,613.75,223.0,46.94,0.49,9.67,6.81,5.48,10.0,0
REDINGTON,4700.0,120.8,41.22,29.33,2.73,14.91,9.08,10.06,2.0,1
RELAXO,12901.0,520.0,44.54,71.98,0.17,25.69,18.73,11.18,1.0,1
RELCAPITAL,356.32,14.1,350.92,-1.0,0.0,7.21,1.75,-17.4,10.0,0
RELIANCE,896450.0,1414.0,660.17,24.75,0.46,11.45,9.78,16.89,10.0,0
RELINFRA,628.54,23.9,543.4,0.12,0.0,23.2,29.04,-53.7,10.0,0
RNAM,18906.0,308.9,41.37,38.67,1.94,28.19,19.5,7.73,10.0,0
RPOWER,771.41,2.75,45.83,-1.0,0.0,1.2,-1.23,-8.21,10.0,0
REPCOHOME,1818.0,290.55,244.14,7.7,0.86,10.66,16.54,10.55,10.0,0
SHK,1785.0,126.3,42.21,42.18,0.0,10.32,7.32,7.45,10.0,0
SBILIFE,98915.0,989.15,80.71,80.83,0.2,23.39,18.81,32.16,10.0,0
SJVN,9667.0,24.6,28.6,6.3,8.74,15.96,12.84,2.12,10.0,0
SKFINDIA,10519.0,2128.0,343.25,31.6,0.56,28.49,18.88,0.41,10.0,0
SRF,15599.0,2714.0,681.73,28.02,0.45,13.4,14.04,21.07,10.0,0
SADBHAV,2425.0,141.35,118.53,14.91,0.71,12.4,9.55,3.66,1.0,1
SANOFI,14076.0,6112.0,968.48,36.2,1.37,28.84,17.98,8.07,10.0,0
SCHAEFFLER,12692.0,4060.0,890.16,32.5,0.74,26.54,17.82,38.66,10.0,0
SIS,6762.0,922.3,99.35,45.87,0.38,13.19,17.89,25.27,10.0,0
SFL,6090.0,1248.0,137.15,48.78,0.0,29.43,19.9,11.18,5.0,2
SHILPAMED,2196.0,269.35,157.19,21.7,0.37,10.62,9.62,-0.59,1.0,1
SHOPERSTOP,3523.0,400.35,111.11,49.32,0.19,15.6,8.17,0.18,5.0,2
SHREECEM,67992.0,19516.0,2909.0,52.53,0.31,12.22,11.84,28.58,10.0,0
RENUKA,1351.0,7.05,2.85,-1.0,0.0,6.52,-26.04,-9.85,1.0,1
SHRIRAMCIT,8751.0,1326.0,968.44,8.64,1.66,12.57,16.56,14.6,10.0,0
SRTRANSFIN,25355.0,1118.0,698.0,9.66,1.07,11.37,17.44,14.7,10.0,0
SIEMENS,59650.0,1675.0,238.54,57.6,0.42,17.81,11.16,6.57,2.0,1
SOBHA,4204.0,443.25,219.02,12.57,1.58,13.92,12.19,20.75,10.0,0
SOLARINDS,9775.0,1080.0,97.81,49.7,0.65,30.85,23.62,17.84,2.0,1
SONATSOFTW,3349.0,318.35,50.68,20.09,3.96,46.67,33.61,18.0,1.0,1
SOUTHBANK,1882.0,10.4,29.48,6.03,2.4,6.09,4.68,7.36,1.0,1
STARCEMENT,3974.0,94.8,25.08,17.41,0.0,24.35,27.08,6.19,1.0,1
SBIN,241411.0,270.5,247.53,33.36,0.0,4.58,0.39,13.98,1.0,1
SAIL,14705.0,35.6,92.36,8.26,1.4,8.43,6.67,20.01,10.0,0
STRTECH,6320.0,156.55,39.34,11.12,2.23,33.81,40.17,33.85,2.0,1
STAR,3141.0,350.75,363.69,24.77,0.86,4.25,3.53,-10.75,10.0,0
SUDARSCHEM,2626.0,379.3,86.47,29.77,1.58,16.99,16.24,6.11,2.0,1
SUNPHARMA,97281.0,405.45,95.21,44.42,0.68,7.9,8.26,10.1,1.0,1
SUNTV,20492.0,520.0,138.05,14.98,1.2,41.21,26.89,15.21,5.0,2
SUNCLAYLTD,4053.0,2003.0,318.56,35.77,1.8,13.61,17.82,8.94,5.0,2
SUNDARMFIN,17997.0,1620.0,453.99,26.63,1.08,9.61,15.0,11.38,10.0,0
SUNDRMFAST,9634.0,458.55,90.77,22.84,1.11,27.15,25.03,15.46,1.0,1
SUNTECK,5792.0,395.75,120.77,39.71,0.38,10.72,10.95,39.85,1.0,1
SUPRAJIT,2558.0,182.9,50.12,22.49,0.85,22.92,17.57,22.5,1.0,1
SUPREMEIND,15495.0,1220.0,156.87,40.51,1.07,29.87,21.63,23.76,2.0,1
SUVEN,3649.0,286.65,78.06,21.67,0.52,21.18,14.61,9.93,1.0,1
SUZLON,1410.0,2.65,-13.2,-1.0,0.0,-5.41,0.0,-24.64,2.0,1
SYMPHONY,8762.0,1252.0,95.63,64.01,0.36,25.89,18.55,8.09,2.0,1
SYNDIBANK,6736.0,25.1,61.74,-1.0,0.0,3.87,-16.42,-2.16,10.0,0
SYNGENE,13070.0,326.75,49.18,38.83,0.08,16.72,17.75,18.15,10.0,0
TCIEXP,2739.0,714.05,69.66,36.46,0.42,44.23,30.83,0.0,2.0,1
TCNSBRANDS,4422.0,719.45,100.64,33.64,0.0,31.72,25.73,33.23,2.0,1
TTKPRESTIG,8568.0,6182.0,832.29,44.89,0.4,26.8,17.63,9.77,10.0,0
TVTODAY,1848.0,309.8,140.18,12.89,0.73,26.65,17.06,9.43,5.0,2
TV18BRDCST,3737.0,21.8,16.06,28.45,0.0,1.91,3.12,19.9,2.0,1
TVSMOTOR,21456.0,451.6,77.72,32.71,0.78,23.67,21.56,17.92,1.0,1
TAKE,1658.0,112.1,51.54,-1.0,0.89,2.38,2.1,-2.33,1.0,1
TATACHEM,15692.0,615.95,463.03,17.17,2.03,9.0,6.73,-20.82,10.0,0
TCS,769764.0,2051.0,228.84,23.57,1.46,52.62,38.77,12.78,1.0,1
TATAELXSI,4374.0,702.3,151.38,18.54,1.92,51.29,34.23,14.09,10.0,0
TATAGLOBAL,17782.0,281.75,70.41,47.45,0.89,12.71,8.94,4.72,1.0,1
TATAINVEST,4096.0,809.65,1546.0,28.0,2.47,2.01,1.85,-10.31,10.0,0
TATAMOTORS,41047.0,131.75,71.14,47.5,0.0,10.89,10.08,17.33,2.0,1
TATAPOWER,16012.0,59.2,58.01,16.83,2.2,6.01,2.84,-2.99,1.0,1
TATASTEEL,39939.0,354.5,645.56,4.14,3.73,19.69,15.62,22.65,10.0,0
TEAMLEASE,5200.0,3041.0,309.37,53.9,0.0,20.67,20.17,18.16,10.0,0
TECHM,69252.0,717.65,213.97,16.13,1.99,26.65,21.48,9.08,5.0,2
TECHNOE,2923.0,265.7,127.67,17.57,0.0,19.55,13.82,148.0,2.0,1
NIACL,22479.0,136.4,96.75,100.93,1.1,-13.76,-13.82,12.32,5.0,2
RAMCOCEM,17706.0,751.6,189.33,30.91,0.4,13.64,11.87,12.93,1.0,1
THERMAX,13577.0,1139.0,229.6,44.65,0.61,16.07,11.7,-6.54,2.0,1
THYROCARE,2719.0,515.0,86.32,27.2,3.88,31.25,20.21,16.34,10.0,0
TIMETECHNO,1366.0,60.4,60.14,10.81,1.49,11.89,9.66,16.4,1.0,1
TIMKEN,5968.0,793.4,178.25,35.38,0.13,21.67,14.55,16.88,10.0,0
TITAN,118027.0,1329.0,69.63,82.05,0.38,26.8,25.06,19.83,1.0,1
TORNTPHARM,28260.0,1670.0,296.36,33.4,1.02,13.09,14.93,1.94,5.0,2
TORNTPOWER,13462.0,280.1,185.94,14.26,1.79,12.07,10.43,3.73,10.0,0
TRENT,18496.0,520.3,47.73,125.47,0.23,11.55,7.82,20.38,1.0,1
TRIDENT,2984.0,58.55,57.52,6.84,5.12,12.05,12.92,12.51,10.0,0
TIINDIA,7004.0,372.95,75.88,25.52,0.67,22.0,18.78,0.0,1.0,1
UCOBANK,8724.0,11.85,18.74,-1.0,0.0,2.69,-36.67,-8.26,10.0,0
UFLEX,1443.0,199.8,297.05,28.37,1.0,6.83,2.47,3.55,10.0,0
UPL,45612.0,597.0,104.34,157.83,0.89,6.73,4.65,13.13,2.0,1
UJJIVAN,3777.0,310.9,147.18,112.97,0.42,1.34,1.21,20.29,10.0,0
ULTRACEMCO,122641.0,4249.0,968.34,36.36,0.26,10.89,8.83,14.62,10.0,0
UBL,34872.0,1319.0,120.34,69.0,0.19,28.45,19.17,10.18,1.0,1
MCDOWELL-N,44481.0,612.15,43.1,55.5,0.0,20.95,23.18,2.88,2.0,1
VGUARD,10273.0,240.2,21.04,55.96,0.33,25.98,20.07,11.63,1.0,1
VMART,3649.0,2010.0,225.45,65.52,0.08,28.87,17.54,21.0,10.0,0
VIPIND,6681.0,472.75,38.68,49.11,0.68,36.26,25.29,14.41,2.0,1
VRLLOG,2424.0,268.35,71.5,25.47,2.05,20.83,14.87,6.99,10.0,0
VSTIND,6051.0,3919.0,430.07,25.08,2.42,56.27,36.4,7.56,10.0,0
WABAG,1066.0,195.0,167.62,9.68,0.0,13.0,11.17,4.92,2.0,1
VAIBHAVGBL,2643.0,812.3,173.33,85.65,1.24,6.84,5.64,9.95,10.0,0
VAKRANGEE,3533.0,33.35,24.42,267.26,0.75,1.56,0.75,-22.94,1.0,1
VTL,5270.0,916.55,911.13,8.06,1.91,14.19,12.86,4.62,10.0,0
VARROC,6466.0,479.65,83.73,57.5,0.83,14.15,11.17,18.18,1.0,1
VBL,18277.0,633.1,105.8,40.86,0.0,13.82,13.47,10.48,10.0,0
VEDL,55442.0,149.15,209.51,12.38,12.65,6.97,6.04,4.26,1.0,1
VENKEYS,2550.0,1810.0,625.73,15.46,0.44,27.79,21.77,12.68,10.0,0
VINATIORGA,10971.0,2135.0,204.56,36.5,0.33,45.83,30.6,20.65,2.0,1
VOLTAS,22945.0,693.45,113.13,46.48,0.58,17.0,12.32,9.14,1.0,1
WABCOINDIA,11693.0,6167.0,938.81,44.6,0.15,23.05,15.83,15.92,5.0,2
WELSPUNIND,5732.0,57.05,24.78,14.2,0.53,8.89,11.69,3.37,1.0,1
WHIRLPOOL,27800.0,2191.0,168.89,64.04,0.23,32.24,20.65,16.2,10.0,0
WIPRO,153042.0,253.55,71.67,18.34,0.39,20.27,16.61,2.51,2.0,1
WOCKPHARMA,3047.0,275.2,110.77,-1.0,0.0,-0.16,-5.94,-1.01,5.0,2
YESBANK,13211.0,51.8,105.49,23.03,3.5,6.68,6.53,29.84,2.0,1
ZEEL,24055.0,250.45,77.38,13.87,1.4,35.52,22.69,17.69,1.0,1
ZENSARTECH,4474.0,198.6,65.29,19.61,1.41,25.02,18.95,3.23,2.0,1
ZYDUSWELL,9981.0,1731.0,576.65,192.54,0.29,4.02,4.09,8.43,10.0,0
ECLERX,1607.0,434.45,352.92,8.4,0.24,23.64,17.38,1.01,10.0,0
ADANIGREEN,13544.0,86.6,12.36,-1.0,0.0,4.63,-43.43,0.0,10.0,0
ABCAPITAL,19183.0,82.95,41.13,20.47,0.0,9.32,9.65,60.85,10.0,0
ANDHRABANK,4880.0,16.35,44.67,-1.0,0.0,4.09,-22.6,2.56,10.0,0
BASF,4140.0,956.45,194.72,43.46,0.52,24.56,15.8,24.3,10.0,0
BBTC,8164.0,1170.0,682.76,9.21,0.09,40.47,20.32,9.24,2.0,1
CHALET,7042.0,343.45,71.92,-1.0,0.0,8.12,-0.4,19.23,10.0,0
CHENNPETRO,2460.0,165.2,202.29,-1.0,0.0,1.41,-4.83,16.93,10.0,0
COFFEEDAY,678.11,32.1,119.72,9.36,0.0,7.44,3.21,6.75,10.0,0
DHFL,640.2,20.4,252.93,-1.0,0.0,8.24,-11.09,18.03,10.0,0
IDFCFIRSTB,19035.0,39.8,38.05,-1.0,1.88,3.97,-11.39,0.0,10.0,0
MRPL,9026.0,51.5,56.72,25.54,1.94,6.85,3.5,16.76,10.0,0
NETWORK18,2235.0,21.35,5.72,-1.0,0.0,-0.9,-31.18,49.63,5.0,2
PCJEWELLER,1398.0,35.4,99.26,-1.0,0.0,6.59,-2.12,5.91,10.0,0
PNB,27970.0,60.75,98.17,-1.0,0.0,2.52,-22.11,0.87,2.0,1
SWANENERGY,2562.0,104.9,37.82,-1.0,0.1,3.66,-1.5,39.04,1.0,1
UNIONBANK,18004.0,52.6,78.1,-1.0,0.0,4.12,-11.25,2.02,10.0,0
IDEA,17529.0,6.1,20.75,-1.0,0.0,-7.53,-37.22,1.05,10.0,0
WELCORP,3659.0,137.95,105.48,68.89,0.36,12.12,-2.2,7.36,5.0,2
